1,0,149ea4c8bbc73b84,2014-11-25,"""Southwest Airlines"" <SouthwestAirlines@luv.southwest.com>","Flight reservation (FHX87R) | 07JAN15 | FLL-SFO"
2,0,149ea4abf4b75a3d,2014-11-25,"""United Airlines, Inc."" <unitedairlines@united.com>","eTicket Itinerary and Receipt for Confirmation HVRY53"
3,0,147481b382e4a86e,2014-07-18,"""United Airlines, Inc."" <unitedairlines@united.com>","eTicket Itinerary and Receipt for Confirmation L0JM3D"
4,0,14587951a46d9c6a,2014-04-21,"""Priceline.com Customer Service"" <ItineraryAir@trans.priceline.com>","Your priceline itinerary for Washington, DC - May 27th, 2014
 (Itinerary# 171-481-520-41)"
5,0,141aee18edb10b22,2013-10-12,"JetBlue Reservations <reservations@jetblue.com>","Itinerary for your upcoming trip"
6,0,14127a2f17d4c255,2013-09-16,"""United Airlines, Inc."" <unitedairlines@united.com>","eTicket Itinerary and Receipt for Confirmation H286T0"
7,0,13b7686626b120c5,2012-12-07,"""Southwest Airlines"" <SouthwestAirlines@luv.southwest.com>","Southwest Airlines Confirmation"
8,0,13b7671f7b4ab662,2012-12-07,"Travelocity Customer Support <travelocity@travelocity.com>","Southwest Airlines Confirmation"
9,0,13b123883fa578b6,2012-11-17,"""Southwest Airlines"" <SouthwestAirlines@luv.southwest.com>","Southwest Airlines Confirmation"
10,0,135882d1908b40c5,2012-02-16,"""Alaska Airlines"" <Alaska.IT@alaskaair.com>","Confirmation Letter - CJOLEO 03/26/12 - from Alaska Airlines"
11,0,1336f30c4d7a62e7,2011-11-04,"""Alaska Airlines"" <Alaska.IT@alaskaair.com>","Confirmation Letter - DTKAJB 09/12/11 - from Alaska Airlines"
12,0,12d71071911e1919,2011-01-10,"Frontier Airlines <reservations@flyfrontier.com>","NEW YORK ITINERARY"